city,zip,beds,baths,sqft,class,price
SACRAMENTO,z95838,2,1,836,Residential,59222
SACRAMENTO,z95823,3,1,1167,Residential,68212
SACRAMENTO,z95815,2,1,796,Residential,68880
SACRAMENTO,z95815,2,1,852,Residential,69307
SACRAMENTO,z95824,2,1,797,Residential,81900
SACRAMENTO,z95841,3,1,1122,Condo,89921
SACRAMENTO,z95842,3,2,1104,Residential,90895
SACRAMENTO,z95820,3,1,1177,Residential,91002
RANCHO_CORDOVA,z95670,2,2,941,Condo,94905
RIO_LINDA,z95673,3,2,1146,Residential,98937
SACRAMENTO,z95838,3,2,909,Residential,100309
SACRAMENTO,z95823,3,2,1289,Residential,106250
SACRAMENTO,z95815,1,1,871,Residential,106852
SACRAMENTO,z95822,3,1,1020,Residential,107502
SACRAMENTO,z95842,2,2,1022,Residential,108750
SACRAMENTO,z95842,2,2,1134,Condo,110700
RIO_LINDA,z95673,2,1,844,Residential,113263
CITRUS_HEIGHTS,z95621,2,1,795,Condo,116250
SACRAMENTO,z95833,2,1,588,Residential,120000
RIO_LINDA,z95673,3,2,1356,Residential,121630
CITRUS_HEIGHTS,z95621,3,2,1118,Residential,122000
SACRAMENTO,z95823,4,2,1329,Residential,122682
NORTH_HIGHLANDS,z95660,4,2,1240,Residential,123000
SACRAMENTO,z95834,3,2,1601,Residential,124100
NORTH_HIGHLANDS,z95660,3,2,901,Residential,125000
ANTELOPE,z95843,3,2,1088,Residential,126640
SACRAMENTO,z95820,3,1,963,Residential,127281
SACRAMENTO,z95832,3,2,1119,Residential,129000
SACRAMENTO,z95827,4,2,1380,Residential,131200
SACRAMENTO,z95828,3,2,1248,Residential,132000
ELK_GROVE,z95758,2,2,1039,Condo,133000
NORTH_HIGHLANDS,z95660,3,2,1152,Residential,134555
SACRAMENTO,z95827,3,2,1380,Residential,136500
ELVERTA,z95626,3,2,1116,Residential,138750
ELK_GROVE,z95758,2,2,1039,Condo,141000
SACRAMENTO,z95823,3,2,1418,Residential,146250
NORTH_HIGHLANDS,z95660,3,2,1082,Residential,147308
SACRAMENTO,z95823,4,2,1472,Residential,148750
SACRAMENTO,z95828,4,2,1146,Residential,149593
SACRAMENTO,z95825,1,1,760,Condo,150000
SACRAMENTO,z95835,2,2,1304,Condo,152000
SACRAMENTO,z95822,3,2,1207,Residential,154000
ELK_GROVE,z95624,3,2,1056,Residential,156896
ANTELOPE,z95843,2,2,1043,Residential,161250
NORTH_HIGHLANDS,z95660,4,2,1587,Residential,161500
SACRAMENTO,z95833,4,1,1120,Residential,164000
SACRAMENTO,z95823,4,2,1580,Residential,165000
SACRAMENTO,z95823,4,1,1955,Residential,166357
SACRAMENTO,z95838,4,2,1656,Residential,166357
SACRAMENTO,z95823,3,2,1477,Residential,168000
ELK_GROVE,z95624,3,2,1188,Residential,170000
SACRAMENTO,z95828,4,2,1590,Residential,173000
SACRAMENTO,z95823,3,2,1463,Residential,174250
SACRAMENTO,z95828,4,2,1714,Residential,174313
SACRAMENTO,z95823,3,2,1185,Residential,178480
GALT,z95632,3,2,1406,Residential,178760
SACRAMENTO,z95842,4,2,1943,Multi_Family,179580
SACRAMENTO,z95826,3,2,1172,Residential,181000
CARMICHAEL,z95608,3,1,1152,Residential,181872
SACRAMENTO,z95823,4,3,1851,Residential,182587
ANTELOPE,z95843,3,2,1215,Residential,182716
GALT,z95632,3,2,1130,Residential,182750
ORANGEVALE,z95662,4,2,1603,Residential,183200
GALT,z95632,3,1,1479,Residential,188741
SACRAMENTO,z95823,3,2,1420,Residential,189000
SACRAMENTO,z95826,3,2,1280,Residential,192067
ELK_GROVE,z95758,3,2,1586,Residential,194000
ANTELOPE,z95843,3,2,1362,Residential,194818
SACRAMENTO,z95828,4,4,2162,Multi_Family,195000
SACRAMENTO,z95823,3,2,1266,Residential,198000
ELK_GROVE,z95624,4,2,1715,Residential,199500
FOLSOM,z95630,3,2,1820,Residential,200000
CARMICHAEL,z95608,3,1,936,Residential,200000
SACRAMENTO,z95834,2,3,1665,Residential,206000
SACRAMENTO,z95834,3,2,1511,Residential,208000
SACRAMENTO,z95823,4,2,1590,Residential,212864
ELK_GROVE,z95758,4,2,1596,Residential,221000
SACRAMENTO,z95835,2,2,1341,Residential,221000
ELK_GROVE,z95624,5,3,2136,Residential,223058
ELK_GROVE,z95624,4,2,1616,Residential,227887
SACRAMENTO,z95823,3,2,1478,Residential,231477
RANCHO_CORDOVA,z95670,3,2,1287,Residential,234697
CITRUS_HEIGHTS,z95621,4,2,1277,Residential,235000
SACRAMENTO,z95833,4,2,1448,Residential,236000
SACRAMENTO,z95829,4,3,2235,Residential,236685
MATHER,z95655,3,2,2093,Residential,237800
RIO_LINDA,z95673,3,2,1193,Residential,240122
ELK_GROVE,z95757,3,2,2163,Residential,242638
SACRAMENTO,z95828,3,2,1269,Residential,244000
SACRAMENTO,z95833,3,3,1473,Residential,244500
SACRAMENTO,z95828,3,1,958,Residential,244960
ELK_GROVE,z95624,5,3,2508,Residential,245918
CITRUS_HEIGHTS,z95621,3,2,1305,Residential,250000
ELK_GROVE,z95758,4,2,1591,Residential,250000
CARMICHAEL,z95608,2,2,1326,Condo,250134
ELK_GROVE,z95757,3,2,1843,Residential,254200
SACRAMENTO,z95841,4,2,1921,Residential,254200
ELK_GROVE,z95758,5,3,2790,Residential,258000
SACRAMENTO,z95835,3,2,1541,Residential,260000
SACRAMENTO,z95820,3,1,1018,Residential,260014
RANCHO_CORDOVA,z95742,4,2,1713,Residential,263500
SACRAMENTO,z95834,3,2,1672,Condo,265000
POLLOCK_PINES,z95726,3,2,1380,Residential,265000
SACRAMENTO,z95822,3,1,975,Residential,271742
SACRAMENTO,z95829,4,3,2372,Residential,273750
SACRAMENTO,z95822,3,2,1446,Residential,275086
POLLOCK_PINES,z95726,2,2,1284,Residential,280908
SACRAMENTO,z95832,4,3,3009,Residential,280987
SACRAMENTO,z95826,8,4,3612,Multi_Family,282400
ELK_GROVE,z95758,4,2,2056,Residential,285000
ELK_GROVE,z95624,4,2,1993,Residential,287417
ELK_GROVE,z95757,3,2,1857,Residential,291000
SACRAMENTO,z95818,2,1,1126,Residential,292024
SACRAMENTO,z95827,4,4,2213,Multi_Family,297000
ELK_GROVE,z95758,5,3,2494,Residential,297000
ELK_GROVE,z95757,3,2,1843,Residential,298000
GOLD_RIVER,z95670,2,2,1520,Residential,299000
SACRAMENTO,z95835,5,3,2800,Residential,304037
ELK_GROVE,z95624,4,2,2309,Residential,311000
SACRAMENTO,z95827,5,3,2367,Residential,315537
RANCHO_CORDOVA,z95742,5,4,3516,Residential,320000
RANCHO_CORDOVA,z95742,4,3,2536,Residential,320000
SACRAMENTO,z95826,4,3,1914,Residential,328360
ORANGEVALE,z95662,2,1,1690,Residential,334150
ELK_GROVE,z95757,3,3,2725,Residential,335750
ELK_GROVE,z95757,4,3,2354,Residential,335750
SACRAMENTO,z95833,3,3,1842,Residential,339500
FOLSOM,z95630,3,2,2185,Residential,344250
ELK_GROVE,z95758,4,2,1801,Residential,346210
SACRAMENTO,z95823,3,3,1961,Residential,347029
ELK_GROVE,z95757,4,2,3134,Residential,347650
SACRAMENTO,z95823,4,3,1915,Residential,351300
EL_DORADO_HILLS,z95762,3,3,1873,Residential,352000
SACRAMENTO,z95831,3,3,1638,Residential,370000
RANCHO_MURIETA,z95683,4,3,2734,Residential,370500
WILTON,z95693,3,2,2110,Residential,372000
ELK_GROVE,z95757,5,3,3164,Residential,375000
SACRAMENTO,z95835,5,3,3599,Residential,381300
SACRAMENTO,z95831,4,2,2054,Residential,381942
ANTELOPE,z95843,4,2,1830,Residential,387731
SACRAMENTO,z95814,3,3,1627,Residential,391000
ELK_GROVE,z95757,4,3,3440,Residential,394470
GREENWOOD,z95635,3,2,2846,Residential,395000
ELK_GROVE,z95624,4,3,2359,Residential,400186
SACRAMENTO,z95831,3,3,2052,Residential,415000
ELK_GROVE,z95757,5,3,3433,Residential,425000
RANCHO_CORDOVA,z95742,5,3,3615,Residential,430000
ELK_GROVE,z95624,6,4,3714,Residential,445000
FOLSOM,z95630,5,3,2687,Residential,460000
ELK_GROVE,z95757,4,3,2724,Residential,461000
ELK_GROVE,z95757,4,3,3440,Residential,489332
ELK_GROVE,z95757,5,4,3508,Residential,510000
FOLSOM,z95630,4,2,2462,Residential,539000
FOLSOM,z95630,5,3,2900,Residential,585000
EL_DORADO_HILLS,z95762,4,4,3705,Residential,600000
EL_DORADO_HILLS,z95762,4,3,3527,Residential,606238
SACRAMENTO,z95864,3,3,2325,Residential,660000
EL_DORADO_HILLS,z95762,6,5,4878,Residential,830000
CITRUS_HEIGHTS,z95621,2,1,795,Condo,69000
SACRAMENTO,z95817,4,2,1099,Residential,70000
ELK_GROVE,z95624,2,1,840,Condo,71000
SACRAMENTO,z95815,2,1,800,Residential,78000
SACRAMENTO,z95824,2,1,746,Residential,78400
SACRAMENTO,z95822,3,1,1067,Residential,80000
SACRAMENTO,z95815,4,2,1316,Residential,89000
SACRAMENTO,z95815,3,1,1337,Residential,90000
SACRAMENTO,z95824,2,1,868,Residential,90000
SACRAMENTO,z95824,3,1,924,Residential,92000
SACRAMENTO,z95820,2,1,610,Residential,93675
RANCHO_MURIETA,z95683,3,2,1516,Residential,97750
SACRAMENTO,z95815,2,1,1220,Residential,98000
ELK_GROVE,z95758,1,1,722,Condo,98000
SACRAMENTO,z95864,3,1,1643,Residential,99000
ELK_GROVE,z95758,1,1,722,Condo,100000
GALT,z95632,3,1,1080,Residential,106716
SACRAMENTO,z95820,3,1,1039,Residential,111000
NORTH_HIGHLANDS,z95660,3,1,1051,Residential,111000
SACRAMENTO,z95842,2,2,967,Residential,114800
RANCHO_CORDOVA,z95670,3,1,1098,Residential,120108
SACRAMENTO,z95824,3,1,1050,Residential,123225
SACRAMENTO,z95838,3,2,1110,Residential,123750
NORTH_HIGHLANDS,z95660,3,1,888,Residential,125000
SACRAMENTO,z95822,3,2,1120,Residential,125000
ELVERTA,z95626,3,2,1080,Residential,126000
NORTH_HIGHLANDS,z95660,3,1,957,Residential,129000
SACRAMENTO,z95838,2,1,952,Residential,134000
SACRAMENTO,z95838,3,2,1211,Residential,135000
SACRAMENTO,z95815,3,2,1264,Residential,135500
SACRAMENTO,z95833,3,1,1080,Residential,140000
GALT,z95632,3,2,1266,Residential,140000
FAIR_OAKS,z95628,2,2,994,Condo,142500
SACRAMENTO,z95834,3,2,1202,Residential,143500
ELK_GROVE,z95758,2,2,1039,Condo,145000
SACRAMENTO,z95820,2,1,722,Residential,145000
SACRAMENTO,z95828,4,2,1448,Residential,145000
SACRAMENTO,z95828,3,2,1188,Residential,145000
NORTH_HIGHLANDS,z95660,4,2,1183,Residential,146000
SACRAMENTO,z95822,3,1,1320,Residential,148500
SACRAMENTO,z95828,3,2,1117,Residential,149000
SACRAMENTO,z95828,3,2,1364,Residential,150000
SACRAMENTO,z95823,4,2,1310,Residential,150000
ELK_GROVE,z95758,2,2,1006,Residential,152000
CITRUS_HEIGHTS,z95621,3,2,1104,Residential,156000
SACRAMENTO,z95825,2,1,810,Residential,156000
ELK_GROVE,z95624,2,2,1123,Residential,156000
SACRAMENTO,z95842,2,1,904,Residential,157788
CITRUS_HEIGHTS,z95621,3,2,1156,Residential,161653
SACRAMENTO,z95820,2,1,1321,Residential,161829
ANTELOPE,z95843,3,2,1392,Residential,165000
SACRAMENTO,z95823,3,2,1439,Residential,168000
SACRAMENTO,z95842,3,2,1159,Residential,169000
RANCHO_CORDOVA,z95670,3,2,1671,Residential,175000
SACRAMENTO,z95823,3,2,1740,Residential,176250
SACRAMENTO,z95823,3,2,1265,Residential,179000
ANTELOPE,z95843,2,2,1007,Residential,180000
ELK_GROVE,z95758,3,2,1716,Residential,180400
ELK_GROVE,z95758,4,2,1685,Residential,182000
RANCHO_CORDOVA,z95670,4,2,1829,Residential,184500
ELK_GROVE,z95758,3,2,1555,Residential,185000
CARMICHAEL,z95608,4,2,1120,Residential,189000
CITRUS_HEIGHTS,z95621,3,2,1137,Residential,194000
SACRAMENTO,z95826,3,1,1174,Residential,195000
ANTELOPE,z95843,3,2,1393,Residential,200000
CAMERON_PARK,z95682,3,1.5,1415,Residential,201000
LINCOLN,z95648,4,2,2126,Residential,202500
SACRAMENTO,z95828,3,2,1289,Residential,205000
SACRAMENTO,z95838,4,2,1799,Residential,205000
PLACERVILLE,z95667,3,2,1308,Residential,205000
SACRAMENTO,z95823,4,3,1953,Residential,205000
SACRAMENTO,z95820,2,1,723,Residential,207000
CAMERON_PARK,z95682,2,1.5,1376,Residential,210000
PLACERVILLE,z95667,2,1,948,Residential,211500
CITRUS_HEIGHTS,z95621,4,2,1578,Residential,215000
CITRUS_HEIGHTS,z95610,3,2,1317,Residential,215000
SACRAMENTO,z95833,3,3,1360,Residential,215500
SACRAMENTO,z95824,3,1,1360,Residential,222381
SACRAMENTO,z95833,3,2,1522,Residential,225000
SACRAMENTO,z95825,4,2,1751,Residential,225000
ELK_GROVE,z95624,3,2,1465,Residential,225000
SACRAMENTO,z95826,4,2,1605,Residential,228000
RIO_LINDA,z95673,4,2,1475,Residential,229665
MEADOW_VISTA,z95722,3,1,1216,Residential,230000
FAIR_OAKS,z95628,2,2,1315,Residential,230000
ELK_GROVE,z95757,3,2,1567,Residential,230000
SACRAMENTO,z95835,3,2,1776,Residential,234000
SACRAMENTO,z95835,3,2,2187,Residential,235000
SACRAMENTO,z95822,3,1,1291,Residential,236250
FOLSOM,z95630,2,2,1129,Condo,240000
ELK_GROVE,z95624,3,2.5,1453,Residential,242000
SACRAMENTO,z95842,3,2,1503,Residential,245000
SACRAMENTO,z95828,4,3,2491,Residential,245000
SACRAMENTO,z95816,2,1,1269,Residential,245000
SACRAMENTO,z95835,3,2.5,1718,Residential,250000
ORANGEVALE,z95662,3,2,1176,Residential,250000
ORANGEVALE,z95662,4,2,1456,Residential,250000
ROSEVILLE,z95678,3,2,1498,Residential,250000
ANTELOPE,z95843,3,2,1574,Residential,255000
CITRUS_HEIGHTS,z95610,5,4,2085,Multi_Family,256054
SACRAMENTO,z95829,3,2,2170,Residential,257729
ELK_GROVE,z95758,4,2,1595,Residential,260000
ANTELOPE,z95843,3,2,1567,Residential,261000
LINCOLN,z95648,4,3,2943,Residential,261800
SACRAMENTO,z95822,4,2,1253,Residential,264469
ANTELOPE,z95843,4,3,1768,Residential,265000
SACRAMENTO,z95835,4,2.5,1980,Residential,270000
SACRAMENTO,z95835,4,3,2030,Residential,270000
SACRAMENTO,z95835,3,2,1531,Residential,270000
SACRAMENTO,z95834,4,3,1750,Residential,270000
ELK_GROVE,z95624,4,3,1653,Residential,275000
ELK_GROVE,z95758,4,2,2056,Residential,275000
ELK_GROVE,z95624,4,3,2494,Residential,280000
FAIR_OAKS,z95628,3,2,1450,Residential,286013
SACRAMENTO,z95834,4,2,2169,Residential,292000
ROSEVILLE,z95747,3,2,1440,Residential,292000
FAIR_OAKS,z95628,3,2,1527,Residential,293993
ROSEVILLE,z95678,3,2,1401,Residential,294000
SACRAMENTO,z95838,3,2,1411,Residential,296769
LINCOLN,z95648,4,4,2990,Residential,297500
GOLD_RIVER,z95670,2,2.5,1533,Condo,300000
RIO_LINDA,z95673,3,1,1284,Residential,300000
GALT,z95632,4,3,2307,Residential,300000
PLACERVILLE,z95667,3,2,1329,Residential,300000
SACRAMENTO,z95835,4,2,1910,Residential,300500
GOLD_RIVER,z95670,3,2,1981,Residential,305000
ROSEVILLE,z95747,3,2.5,1829,Residential,306500
SACRAMENTO,z95835,3,2,1665,Residential,312500
LINCOLN,z95648,5,3,3072,Residential,315000
SACRAMENTO,z95823,4,2,2205,Residential,319789
LINCOLN,z95648,2,2,1449,Residential,330000
FOLSOM,z95630,3,2,1258,Residential,330000
ELK_GROVE,z95757,3,2,2575,Residential,331000
SACRAMENTO,z95820,2,1,539,Residential,334000
RANCHO_CORDOVA,z95670,4,3,2208,Residential,336000
SACRAMENTO,z95819,3,1,1108,Residential,339000
FOLSOM,z95630,4,2,1595,Residential,339000
GALT,z95632,4,2,2159,Residential,345000
PLACERVILLE,z95667,4,3,2295,Residential,350000
ROSEVILLE,z95678,3,2,1838,Residential,356000
SACRAMENTO,z95823,4,2,1900,Residential,361745
SACRAMENTO,z95811,4,2,1718,Residential,361948
ELK_GROVE,z95757,5,3,3389,Residential,370000
ROCKLIN,z95677,4,2,2190,Residential,380000
ELK_GROVE,z95757,5,4,3260,Residential,385000
CAMERON_PARK,z95682,3,2,2016,Residential,399000
ROCKLIN,z95765,4,2,2607,Residential,402000
ELK_GROVE,z95757,4,3,2724,Residential,406026
GALT,z95632,5,4,3746,Residential,420000
RANCHO_CORDOVA,z95742,5,4,3969,Residential,425000
RANCHO_MURIETA,z95683,4,2,3192,Residential,425000
SACRAMENTO,z95834,3,3,2829,Residential,433500
LINCOLN,z95648,5,4,3928,Residential,436746
EL_DORADO_HILLS,z95762,5,3,3577,Residential,438700
SACRAMENTO,z95811,2,1,1247,Residential,445000
FOLSOM,z95630,4,2,2581,Residential,450000
SACRAMENTO,z95841,3,1,2068,Residential,460000
EL_DORADO_HILLS,z95762,3,2,2129,Residential,460000
ELK_GROVE,z95624,4,3,3992,Residential,460000
SACRAMENTO,z95835,4,4,3397,Residential,465000
SACRAMENTO,z95835,5,3,3881,Residential,471750
ROCKLIN,z95765,5,4,3167,Residential,480000
CARMICHAEL,z95608,2,2,1598,Residential,484000
PLACERVILLE,z95667,4,3,1929,Residential,485000
ELK_GROVE,z95757,4,3,3070,Residential,495000
ROSEVILLE,z95678,4,2.5,2272,Residential,500500
AUBURN,z95603,3,3,2791,Residential,504000
EL_DORADO_HILLS,z95762,5,3,3117,Residential,541000
WILTON,z95693,3,2,2544,Residential,560000
SACRAMENTO,z95829,5,3,3984,Residential,572500
CARMICHAEL,z95608,4,2,2222,Residential,582000
ROSEVILLE,z95661,4,3,3838,Residential,613401
ROSEVILLE,z95747,4,3.5,3059,Residential,614000
FAIR_OAKS,z95628,5,5,2846,Residential,680000
SACRAMENTO,z95819,5,2,2484,Residential,699000
LOOMIS,z95650,4,4,1624,Residential,839000
SACRAMENTO,z95842,2,1,840,Condo,40000
SACRAMENTO,z95825,1,1,484,Condo,48000
SACRAMENTO,z95815,3,1,970,Residential,61500
SACRAMENTO,z95817,2,1,623,Residential,62050
SACRAMENTO,z95820,2,1,932,Residential,65000
SACRAMENTO,z95838,2,1,796,Residential,65000
SACRAMENTO,z95820,2,1,834,Residential,68000
SACRAMENTO,z95820,2,1,834,Residential,68000
SACRAMENTO,z95841,2,1,924,Condo,77000
SACRAMENTO,z95842,2,1,795,Condo,82732
SACRAMENTO,z95838,3,1,1250,Residential,84000
SACRAMENTO,z95820,2,1,984,Residential,84675
SACRAMENTO,z95828,3,1,1013,Residential,85000
SACRAMENTO,z95822,3,1,1012,Residential,90000
SACRAMENTO,z95826,2,1,795,Condo,90000
SACRAMENTO,z95838,2,2,918,Residential,91000
SACRAMENTO,z95838,3,1,1082,Residential,95000
SACRAMENTO,z95842,2,1,964,Residential,97500
SACRAMENTO,z95815,4,2,1404,Multi_Family,100000
SACRAMENTO,z95826,1,1,625,Condo,100000
CITRUS_HEIGHTS,z95621,2,1,888,Residential,101000
SACRAMENTO,z95815,4,2,1120,Residential,102750
NORTH_HIGHLANDS,z95660,3,1,1331,Residential,112500
SACRAMENTO,z95821,3,1,1014,Residential,113000
SACRAMENTO,z95820,4,2,1448,Residential,114000
SACRAMENTO,z95838,3,1,966,Residential,114000
SACRAMENTO,z95823,2,1,779,Residential,114750
ANTELOPE,z95843,2,2,836,Condo,115000
ROSEVILLE,z95678,2,2,1100,Condo,115000
SACRAMENTO,z95832,3,1,1174,Residential,116100
NORTH_HIGHLANDS,z95660,3,2,1207,Residential,119250
SACRAMENTO,z95828,4,4,1995,Multi_Family,120000
SACRAMENTO,z95820,2,1,804,Residential,120000
SACRAMENTO,z95834,2,2,958,Condo,120000
SACRAMENTO,z95823,3,2,1366,Residential,120108
SACRAMENTO,z95823,2,2,901,Residential,121500
SACRAMENTO,z95815,3,1,696,Residential,121725
GALT,z95632,3,2,1080,Residential,122000
SACRAMENTO,z95822,3,2,1104,Residential,123000
SACRAMENTO,z95825,2,1,972,Residential,125000
SACRAMENTO,z95833,4,2,1390,Residential,125573
ELVERTA,z95626,4,2,1354,Residential,126714
SACRAMENTO,z95826,2,1,795,Condo,126960
ROSEVILLE,z95678,2,1,780,Condo,127000
SACRAMENTO,z95828,4,2,1587,Residential,127500
NORTH_HIGHLANDS,z95660,3,2,1209,Residential,130000
SACRAMENTO,z95824,2,1,1139,Residential,133105
RIO_LINDA,z95673,2,2,1690,Residential,136500
CARMICHAEL,z95608,3,2,1245,Condo,139500
ELVERTA,z95626,3,2,1416,Residential,140000
SACRAMENTO,z95832,3,2,1300,Residential,140800
SACRAMENTO,z95822,3,2,1120,Residential,145000
SACRAMENTO,z95828,4,2,1590,Residential,147000
SACRAMENTO,z95828,3,2,1407,Residential,149600
SACRAMENTO,z95820,5,2,1516,Residential,150000
ROSEVILLE,z95747,2,2,1057,Condo,150000
SACRAMENTO,z95822,3,2,1646,Residential,150000
SACRAMENTO,z95823,3,2,1676,Residential,155000
SACRAMENTO,z95838,3,2,1370,Residential,155435
SACRAMENTO,z95838,3,2,1370,Residential,155500
CITRUS_HEIGHTS,z95621,4,2,1351,Residential,158000
NORTH_HIGHLANDS,z95660,3,2,1152,Residential,158000
SACRAMENTO,z95823,3,2,1452,Residential,160000
ROSEVILLE,z95678,2,1,990,Residential,160000
CITRUS_HEIGHTS,z95621,2,2,1162,Residential,164000
RIO_LINDA,z95673,3,2,1182,Residential,164000
ELK_GROVE,z95758,2,2,1112,Residential,165000
GALT,z95632,3,2,1100,Residential,167000
CITRUS_HEIGHTS,z95621,4,2,1280,Residential,167293
CITRUS_HEIGHTS,z95621,4,2,1280,Residential,167293
SACRAMENTO,z95820,3,1,1039,Residential,168000
SACRAMENTO,z95842,3,2,1159,Residential,170000
SACRAMENTO,z95833,4,2,1917,Residential,170000
SACRAMENTO,z95827,3,2,1520,Residential,170000
GALT,z95632,3,2,1204,Residential,174000
SACRAMENTO,z95841,3,2,1120,Residential,178000
SACRAMENTO,z95823,3,2,1436,Residential,180000
SACRAMENTO,z95826,3,2,1451,Residential,180000
SACRAMENTO,z95828,4,2,1638,Residential,180000
CARMICHAEL,z95608,2,2,1000,Condo,182000
ROSEVILLE,z95661,3,1,1152,Residential,188325
ROSEVILLE,z95747,3,2,1154,Residential,191500
SACRAMENTO,z95838,3,2,1353,Residential,192000
CITRUS_HEIGHTS,z95621,3,2,1329,Residential,192700
SACRAMENTO,z95826,3,1,1356,Residential,195000
SACRAMENTO,z95838,3,2,1505,Residential,197654
SACRAMENTO,z95842,3,1,1009,Residential,198000
SACRAMENTO,z95823,3,2,1144,Residential,200345
SACRAMENTO,z95864,2,1,930,Residential,203000
SACRAMENTO,z95841,4,2,1766,Residential,207000
SACRAMENTO,z95828,4,3,1940,Residential,208000
ELK_GROVE,z95758,4,2,1776,Residential,210000
CITRUS_HEIGHTS,z95621,3,1,1258,Residential,212000
SACRAMENTO,z95828,4,2,1872,Residential,213675
ELK_GROVE,z95758,2,2,1112,Residential,213697
SACRAMENTO,z95833,4,2,1856,Residential,215000
SACRAMENTO,z95816,4,3,1939,Residential,215000
ROSEVILLE,z95678,3,1,998,Residential,215100
ROSEVILLE,z95678,3,2,1758,Residential,217500
SACRAMENTO,z95838,3,2,2142,Residential,218000
SACRAMENTO,z95831,2,1,950,Residential,220000
ELK_GROVE,z95758,4,3,1739,Residential,221000
ELK_GROVE,z95624,3,2,1516,Residential,222900
ANTELOPE,z95843,3,1,988,Residential,223139
GALT,z95632,4,2,1555,Residential,225500
SACRAMENTO,z95820,3,2,1212,Residential,228327
SACRAMENTO,z95833,4,2,1871,Residential,230000
SACRAMENTO,z95828,3,2,1302,Residential,230000
SACRAMENTO,z95841,2,1,756,Condo,230522
ANTELOPE,z95843,4,3,2026,Residential,231200
SACRAMENTO,z95831,3,2,1375,Residential,232000
SACRAMENTO,z95834,2,2,1250,Condo,232500
SACRAMENTO,z95822,3,1,1058,Residential,233641
ANTELOPE,z95843,3,2,1187,Residential,234000
SACRAMENTO,z95831,2,2,1324,Residential,234500
SACRAMENTO,z95828,4,3,1936,Residential,235000
RANCHO_CORDOVA,z95670,5,4,2382,Multi_Family,236000
FOLSOM,z95630,3,2,1427,Residential,236073
SACRAMENTO,z95835,3,2,1678,Condo,238000
GALT,z95632,4,2,1798,Residential,238861
ANTELOPE,z95843,4,3,2652,Residential,239700
SACRAMENTO,z95829,4,2,1816,Residential,240000
SACRAMENTO,z95834,5,3,3076,Residential,240000
ELK_GROVE,z95758,4,2,1844,Residential,241000
SACRAMENTO,z95823,3,2,1306,Residential,245000
SACRAMENTO,z95833,4,3,2447,Residential,246000
SACRAMENTO,z95828,4,2,1176,Residential,247234
RIO_LINDA,z95673,4,2,1182,Residential,247480
RIO_LINDA,z95673,3,1,1160,Residential,249862
SACRAMENTO,z95835,3,2,1424,Residential,251000
ORANGEVALE,z95662,4,2,1574,Residential,252155
ANTELOPE,z95843,3,2,1830,Residential,254172
ELK_GROVE,z95624,4,2,1724,Residential,258000
AUBURN,z95603,2,2,1255,Condo,260000
ELK_GROVE,z95758,3,3,1718,Residential,261000
SACRAMENTO,z95835,4,3,2175,Residential,261000
SACRAMENTO,z95835,4,2,1904,Residential,261000
EL_DORADO_HILLS,z95762,4,2,1808,Residential,262500
RANCHO_CORDOVA,z95742,4,2,2711,Residential,266000
CARMICHAEL,z95608,3,1,1713,Residential,266000
ELK_GROVE,z95757,3,2,1457,Residential,270000
ELK_GROVE,z95757,4,3,2724,Residential,274425
ROCKLIN,z95765,3,2,1847,Residential,274500
SACRAMENTO,z95828,3,2,1468,Residential,275336
SACRAMENTO,z95835,4,3,2550,Residential,277980
GALT,z95632,4,2,1928,Residential,280000
SACRAMENTO,z95814,3,3,1922,Residential,284686
CITRUS_HEIGHTS,z95621,3,2,1343,Residential,284893
ROCKLIN,z95677,3,2,1510,Residential,285000
AUBURN,z95603,2,2,960,Multi_Family,285000
CARMICHAEL,z95608,4,2,1559,Residential,285000
EL_DORADO,z95623,3,2,1624,Residential,289000
SACRAMENTO,z95832,5,3,2992,Residential,295000
ELK_GROVE,z95758,4,2,2109,Residential,296000
RANCHO_CORDOVA,z95670,4,2,1524,Residential,296056
SACRAMENTO,z95828,3,2,1248,Residential,297359
SACRAMENTO,z95823,4,2,1876,Residential,299940
LINCOLN,z95648,5,3,2489,Residential,304000
RANCHO_CORDOVA,z95670,4,3,1851,Residential,305000
ROSEVILLE,z95747,3,2.5,1829,Residential,307000
SACRAMENTO,z95835,4,2,2218,Residential,311328
SACRAMENTO,z95828,3,2,1394,Residential,313138
SACRAMENTO,z95828,3,2,1410,Residential,316630
ELK_GROVE,z95758,5,3,3468,Residential,320000
ANTELOPE,z95843,5,3,2346,Residential,320000
ANTELOPE,z95843,5,3,2347,Residential,325000
SACRAMENTO,z95834,4,2,1659,Residential,328578
ELK_GROVE,z95757,3,3,2442,Residential,331000
RANCHO_CORDOVA,z95742,4,3,2590,Residential,331500
SACRAMENTO,z95833,4,2,2155,Residential,340000
SACRAMENTO,z95838,3,2,1673,Residential,344755
SACRAMENTO,z95828,3,2,1810,Residential,345746
ELK_GROVE,z95757,4,2,2789,Residential,351000
GALT,z95632,4,2,1606,Residential,353767
GALT,z95632,5,3.5,3499,Residential,355000
SACRAMENTO,z95835,4,2,2166,Residential,356035
SACRAMENTO,z95816,2,2,1119,Condo,360000
SACRAMENTO,z95835,4,2,1871,Residential,360552
SACRAMENTO,z95835,3,2,1800,Residential,362305
SACRAMENTO,z95817,3,1,1683,Residential,365000
ROSEVILLE,z95678,3,2,1625,Residential,367554
ROSEVILLE,z95747,4,3,2752,Residential,368500
ROCKLIN,z95765,2,2,1596,Residential,370000
PLACERVILLE,z95667,4,2.5,2716,Residential,371086
ELK_GROVE,z95757,3,2,1179,Residential,378000
ELK_GROVE,z95757,5,3.5,2724,Residential,383000
SACRAMENTO,z95818,3,1,1639,Residential,388000
RANCHO_CORDOVA,z95742,5,3,3281,Residential,395100
SACRAMENTO,z95819,3,2,1697,Residential,400000
EL_DORADO_HILLS,z95762,3,2.5,1993,Residential,400000
ANTELOPE,z95843,4,3,2085,Residential,408431
ROCKLIN,z95765,3,2,2548,Residential,413000
SACRAMENTO,z95815,4,2,1744,Multi_Family,416767
EL_DORADO_HILLS,z95762,4,3,2730,Residential,420000
FOLSOM,z95630,4,3,1939,Residential,423000
CAMERON_PARK,z95682,4,2,2376,Residential,423000
SACRAMENTO,z95814,2,3,1788,Residential,427500
ROCKLIN,z95765,3,2,1691,Residential,430922
ELK_GROVE,z95758,4,2,2002,Residential,445000
ELK_GROVE,z95757,4,4,4303,Residential,450000
SACRAMENTO,z95834,5,3,4246,Residential,452000
ROSEVILLE,z95661,3,2,2274,Residential,470000
EL_DORADO_HILLS,z95762,4,3.5,2962,Residential,471000
ORANGEVALE,z95662,4,4,3056,Residential,475000
ELK_GROVE,z95758,3,3,2503,Residential,484500
EL_DORADO_HILLS,z95762,3,3,3198,Residential,487500
ROCKLIN,z95677,4,3.5,3332,Residential,488750
FOLSOM,z95630,3,2,1905,Residential,500000
PENRYN,z95663,3,2,1320,Residential,506688
LINCOLN,z95648,2,2,1873,Residential,512000
ROSEVILLE,z95747,5,4,3157,Residential,520000
GOLD_RIVER,z95670,4,2,3037,Residential,528000
WILTON,z95693,5,2,3741,Residential,579093
FOLSOM,z95630,4,3,2660,Residential,636000
CARMICHAEL,z95608,4,3,3357,Residential,668365
GRANITE_BAY,z95746,5,3,2896,Residential,676200
PLACERVILLE,z95667,3,2,2025,Residential,677048
WILTON,z95693,5,3,3788,Residential,691659
GRANITE_BAY,z95746,5,3,3670,Residential,760000
CITRUS_HEIGHTS,z95621,3,2,1166,Residential,30000
RIO_LINDA,z95673,1,2,1000,Residential,30000
SACRAMENTO,z95823,2,1,838,Residential,55422
NORTH_HIGHLANDS,z95660,2,1,904,Residential,63000
SACRAMENTO,z95815,2,1,1032,Residential,65000
SACRAMENTO,z95838,2,1,904,Residential,65000
SACRAMENTO,z95817,2,1,1080,Residential,65000
SACRAMENTO,z95822,2,2,990,Residential,66500
SACRAMENTO,z95838,2,1,900,Residential,71000
SACRAMENTO,z95824,2,1,861,Residential,75000
SACRAMENTO,z95823,2,1,906,Condo,77000
SACRAMENTO,z95815,2,1,1011,Residential,85000
SACRAMENTO,z95823,3,2,1089,Residential,95625
SACRAMENTO,z95815,2,1,832,Residential,96140
SACRAMENTO,z95822,2,1,800,Condo,104250
SACRAMENTO,z95842,4,2,1292,Residential,105000
SACRAMENTO,z95822,2,1,810,Residential,108000
SACRAMENTO,z95838,4,2,1064,Residential,109000
RANCHO_CORDOVA,z95670,2,1,911,Residential,115000
SACRAMENTO,z95835,1,1,846,Condo,115000
SACRAMENTO,z95827,3,2,1320,Residential,115500
SACRAMENTO,z95838,3,2,1410,Residential,115620
RANCHO_CORDOVA,z95670,3,2,1115,Residential,116000
SACRAMENTO,z95822,3,2,1169,Residential,122000
SACRAMENTO,z95822,3,2,1164,Residential,122500
SACRAMENTO,z95823,4,2,1341,Residential,123000
SACRAMENTO,z95838,3,2,1219,Residential,124000
SACRAMENTO,z95842,4,2,1127,Residential,124000
NORTH_HIGHLANDS,z95660,3,2,1272,Residential,124413
SACRAMENTO,z95822,4,2,1253,Residential,125000
SACRAMENTO,z95828,3,2,1120,Residential,130000
NORTH_HIGHLANDS,z95660,2,2,1118,Residential,131750
SACRAMENTO,z95838,4,3,1890,Residential,137721
SACRAMENTO,z95833,3,2,1260,Residential,137760
SACRAMENTO,z95823,3,2,1400,Residential,138000
SACRAMENTO,z95821,3,1,1264,Residential,140000
SACRAMENTO,z95824,3,1,1060,Residential,145000
SACRAMENTO,z95828,2,2,1132,Residential,145000
SACRAMENTO,z95823,3,2,1466,Residential,150000
SACRAMENTO,z95827,3,2,1092,Residential,150000
SACRAMENTO,z95828,4,2,1628,Residential,151000
SACRAMENTO,z95842,3,2,960,Residential,155000
CITRUS_HEIGHTS,z95621,3,2,1075,Residential,155800
SACRAMENTO,z95826,3,2,1428,Residential,156142
SACRAMENTO,z95828,4,2,1358,Residential,158000
SACRAMENTO,z95828,6,4,2475,Multi_Family,159900
CITRUS_HEIGHTS,z95610,3,2,1410,Residential,160000
ANTELOPE,z95843,3,2,1711,Residential,161500
SACRAMENTO,z95826,4,2,1483,Residential,161600
GALT,z95632,3,2,1140,Residential,162000
SACRAMENTO,z95828,4,2,1549,Residential,165000
SACRAMENTO,z95828,3,2,1410,Residential,165000
ELK_GROVE,z95758,3,2,1240,Residential,167293
SACRAMENTO,z95842,5,2,1712,Residential,168000
SACRAMENTO,z95823,4,2,1580,Residential,168000
ANTELOPE,z95843,3,2,1669,Residential,168750
SACRAMENTO,z95826,3,1,1029,Residential,168750
CITRUS_HEIGHTS,z95621,3,1,1103,Residential,170000
SACRAMENTO,z95828,3,2,2161,Residential,170250
SACRAMENTO,z95823,3,2,1650,Residential,173000
POLLOCK_PINES,z95726,3,1,1320,Residential,175000
SACRAMENTO,z95826,3,2,1200,Residential,176095
SACRAMENTO,z95835,3,2,1170,Residential,176250
CITRUS_HEIGHTS,z95621,3,2,1199,Residential,178000
SACRAMENTO,z95823,4,2,1695,Residential,179000
RANCHO_CORDOVA,z95670,3,2,1157,Residential,180000
SACRAMENTO,z95838,3,2,1410,Residential,180000
ROSEVILLE,z95678,3,2,1174,Residential,180000
SACRAMENTO,z95823,3,2,1593,Residential,181000
RIO_LINDA,z95673,3,2,1093,Residential,182000
ROSEVILLE,z95678,3,2,1770,Residential,182587
SACRAMENTO,z95822,4,2,1436,Residential,185074
SACRAMENTO,z95829,3,2,1124,Residential,185833
SACRAMENTO,z95826,4,2,1139,Residential,186785
SACRAMENTO,z95832,3,2,1638,Residential,187000
SACRAMENTO,z95833,3,2,1328,Residential,188335
ELK_GROVE,z95758,3,2,1273,Residential,190000
SACRAMENTO,z95838,3,1,1082,Residential,190000
SACRAMENTO,z95827,4,2,1578,Residential,190000
ROSEVILLE,z95661,2,1,796,Residential,190000
SACRAMENTO,z95823,3,2,1386,Residential,191250
RANCHO_CORDOVA,z95670,3,2,1452,Residential,193000
SACRAMENTO,z95823,3,2,1513,Residential,193500
FORESTHILL,z95631,3,2,1232,Residential,194818
SACRAMENTO,z95842,4,2,1578,Residential,195000
CITRUS_HEIGHTS,z95610,4,3,1736,Residential,195000
CAMERON_PARK,z95682,2,2.5,1498,Residential,195000
SACRAMENTO,z95821,3,1,1473,Residential,195000
SACRAMENTO,z95820,3,1,1150,Residential,198000
SACRAMENTO,z95833,3,2,1127,Residential,199900
FAIR_OAKS,z95628,3,1,1144,Residential,200000
CARMICHAEL,z95608,3,1,972,Residential,201000
ELK_GROVE,z95758,4,2,2306,Residential,204918
ANTELOPE,z95843,3,2,1479,Residential,205000
EL_DORADO,z95623,2,1,1040,Residential,205000
SACRAMENTO,z95838,3,2,1430,Residential,205878
SACRAMENTO,z95832,4,2,1800,Residential,207000
ANTELOPE,z95843,4,2,1953,Residential,207744
SACRAMENTO,z95835,3,2,1120,Residential,209000
SACRAMENTO,z95834,3,2,1232,Residential,210000
SACRAMENTO,z95835,1,1,984,Condo,210944
ROSEVILLE,z95678,3,2.5,1462,Condo,212500
ELK_GROVE,z95758,4,2,2329,Residential,213750
ELK_GROVE,z95758,3,2,1351,Residential,215000
CAMERON_PARK,z95682,3,2,1284,Residential,215000
ROSEVILLE,z95661,4,1,1376,Residential,215000
DIAMOND_SPRINGS,z95619,3,2,1300,Residential,216033
SACRAMENTO,z95825,4,2,1566,Residential,220000
SACRAMENTO,z95817,2,1,1115,Residential,220000
SACRAMENTO,z95818,2,1,1032,Residential,220000
CITRUS_HEIGHTS,z95621,4,2,1419,Residential,220000
ELK_GROVE,z95757,3,2,1261,Residential,220000
CARMICHAEL,z95608,2,2,1637,Residential,220702
SACRAMENTO,z95825,4,2,1776,Multi_Family,221250
ELK_GROVE,z95758,3,2,1338,Residential,222000
ELK_GROVE,z95757,2,2,1257,Residential,222500
ELK_GROVE,z95624,5,2,2254,Residential,222750
SACRAMENTO,z95834,3,2,1441,Residential,225000
SACRAMENTO,z95838,4,2,1991,Residential,225000
SACRAMENTO,z95829,4,3,2126,Residential,228750
ELK_GROVE,z95624,3,2,1094,Residential,229000
ROCKLIN,z95677,3,2,1462,Residential,230095
SACRAMENTO,z95834,5,3,2258,Residential,232500
RANCHO_CORDOVA,z95670,3,2,1074,Residential,233000
ELK_GROVE,z95624,4,2,2111,Residential,233500
SACRAMENTO,z95835,3,2,1686,Residential,239000
ANTELOPE,z95843,4,3,1915,Residential,240000
ELK_GROVE,z95624,4,2,2367,Residential,240000
SACRAMENTO,z95823,3,2,1962,Residential,240971
RANCHO_CORDOVA,z95670,2,2,1406,Residential,242000
SACRAMENTO,z95829,3,2,1789,Residential,243450
SACRAMENTO,z95835,4,2,1876,Residential,243500
ANTELOPE,z95843,3,2,1235,Residential,246544
ANTELOPE,z95843,4,2,2504,Residential,246750
SACRAMENTO,z95834,3,2.5,2029,Residential,247000
CARMICHAEL,z95608,3,2,1676,Residential,247000
CITRUS_HEIGHTS,z95621,3,2,1367,Residential,249000
ELK_GROVE,z95758,4,3,1899,Residential,249000
ELK_GROVE,z95758,3,2,1636,Residential,250000
SACRAMENTO,z95821,3,2,1828,Residential,250000
ROCKLIN,z95765,3,2,1771,Residential,250000
SACRAMENTO,z95826,4,2,1438,Residential,252000
ELK_GROVE,z95624,3,2,1451,Residential,255000
SACRAMENTO,z95825,3,1,1520,Residential,255000
ROSEVILLE,z95747,3,2,1506,Residential,255000
SACRAMENTO,z95835,4,2,2605,Residential,257200
ORANGEVALE,z95662,3,2,1196,Residential,260000
LINCOLN,z95648,3,2,1621,Residential,260000
SACRAMENTO,z95835,3,2,1811,Residential,263500
ELK_GROVE,z95757,3,2,1540,Residential,266510
LINCOLN,z95648,4,2.5,2647,Residential,267750
PLACERVILLE,z95667,2,2,2750,Residential,270000
ROSEVILLE,z95747,3,2.5,1910,Residential,271000
EL_DORADO_HILLS,z95762,4,2.5,1846,Residential,272700
ELK_GROVE,z95757,3,2,1543,Residential,275000
SACRAMENTO,z95835,5,3,2494,Residential,276000
LINCOLN,z95648,3,2,1650,Residential,276500
GALT,z95632,4,3,2214,Residential,278000
SACRAMENTO,z95835,5,3,2280,Residential,279000
CARMICHAEL,z95608,3,2,1443,Residential,280000
CITRUS_HEIGHTS,z95621,4,2,1582,Residential,280000
ELK_GROVE,z95757,3,2,1857,Residential,285000
ELK_GROVE,z95758,3,2,1735,Residential,288000
ELK_GROVE,z95624,4,3,2096,Residential,289000
SACRAMENTO,z95825,3,2,1720,Residential,290000
ANTELOPE,z95843,4,2,2160,Residential,290000
SACRAMENTO,z95838,4,2,1382,Residential,293996
PLACERVILLE,z95667,3,2,1282,Residential,294000
ELK_GROVE,z95624,4,2,1721,Residential,294173
LOOMIS,z95650,4,2,1328,Residential,295000
ELK_GROVE,z95624,3,2,1919,Residential,298000
ELK_GROVE,z95624,4,2,1982,Residential,298000
SACRAMENTO,z95818,2,1,1144,Residential,299000
SACRAMENTO,z95825,2,2,1623,Residential,300000
COOL,z95614,3,2,1457,Residential,300000
ELK_GROVE,z95624,6,3,2555,Residential,300000
ROCKLIN,z95765,3,2,1577,Residential,300567
ELK_GROVE,z95757,5,3,2592,Residential,303000
CITRUS_HEIGHTS,z95610,3,2,1401,Residential,305000
LINCOLN,z95648,4,2,2048,Residential,306000
CARMICHAEL,z95608,3,2,1502,Residential,310000
FOLSOM,z95630,3,2,1327,Residential,310000
ROSEVILLE,z95678,4,3,1800,Residential,310000
SACRAMENTO,z95831,4,2,2169,Residential,311518
LINCOLN,z95648,5,3,2457,Residential,312000
RANCHO_CORDOVA,z95742,3,2.5,2264,Residential,313000
ORANGEVALE,z95662,4,2,2004,Residential,315000
ROSEVILLE,z95678,4,3,2212,Residential,315000
ANTELOPE,z95843,5,3,3134,Residential,315000
SACRAMENTO,z95864,3,2,1360,Residential,315000
ROCKLIN,z95765,4,2.5,1951,Residential,315000
SACRAMENTO,z95822,3,2,1276,Residential,320000
SACRAMENTO,z95834,4,3,2962,Residential,322000
ROCKLIN,z95765,4,2,1888,Residential,325000
ROSEVILLE,z95747,3,3,2155,Residential,325500
ROSEVILLE,z95678,3,2,1744,Residential,326951
GALT,z95632,3,2,1548,Residential,328370
LINCOLN,z95648,2,2,1322,Residential,330000
RANCHO_CORDOVA,z95670,4,3,2109,Residential,330000
SACRAMENTO,z95827,4,2,2484,Residential,331200
SACRAMENTO,z95834,4,3,2258,Residential,332000
SACRAMENTO,z95835,3,3,2212,Residential,334000
ORANGEVALE,z95662,3,2,1616,Residential,335000
SACRAMENTO,z95835,4,2,2372,Residential,341000
ROCKLIN,z95765,5,3,2606,Residential,346375
ROSEVILLE,z95678,5,3,3163,Residential,347225
ELK_GROVE,z95757,5,3,2877,Residential,349000
ANTELOPE,z95843,3,2,2960,Residential,350000
LINCOLN,z95648,2,2,1704,Residential,350000
ROSEVILLE,z95678,3,2,2172,Residential,350000
ROSEVILLE,z95678,3,2,2100,Condo,350000
SACRAMENTO,z95831,3,2,1795,Residential,351000
EL_DORADO_HILLS,z95762,3,2.5,1924,Residential,356200
ROSEVILLE,z95661,4,2,2295,Residential,360000
ROSEVILLE,z95747,4,3,2577,Residential,367463
ROSEVILLE,z95747,5,3,2616,Residential,375000
WALNUT_GROVE,z95690,3,1,1727,Residential,380000
ELK_GROVE,z95758,3,2,1485,Residential,380578
CARMICHAEL,z95608,3,2,1655,Residential,386222
LINCOLN,z95648,5,4.5,3179,Residential,389000
RANCHO_CORDOVA,z95742,5,3,3479,Residential,390000
ROSEVILLE,z95661,3,2,2049,Residential,395500
RANCHO_CORDOVA,z95742,4,3,3042,Residential,396000
ELK_GROVE,z95757,5,3,2875,Residential,397000
LINCOLN,z95648,5,4,3566,Residential,400000
EL_DORADO_HILLS,z95762,4,2,2199,Residential,400000
ROSEVILLE,z95747,4,3,2242,Residential,412500
SACRAMENTO,z95818,2,1,1304,Residential,413500
CARMICHAEL,z95608,3,2,2334,Residential,415000
AUBURN,z95603,4,3,2278,Residential,420454
SACRAMENTO,z95819,3,1,1493,Residential,425000
CAMERON_PARK,z95682,3,2,1944,Residential,425000
LINCOLN,z95648,5,4,3913,Residential,433500
ROSEVILLE,z95747,5,3,3151,Residential,438000
FOLSOM,z95630,5,3,2787,Residential,441000
SACRAMENTO,z95831,5,3,2824,Residential,445000
FOLSOM,z95630,4,3,3261,Residential,446000
SACRAMENTO,z95821,4,2,2053,Residential,450000
ROSEVILLE,z95661,4,3,2379,Residential,455000
EL_DORADO_HILLS,z95762,3,2.5,2480,Residential,460000
PLACERVILLE,z95667,3,2,1704,Residential,475000
GARDEN_VALLEY,z95633,3,2,2418,Residential,490000
EL_DORADO_HILLS,z95762,4,2.5,3282,Residential,493000
EL_DORADO_HILLS,z95762,5,4,4091,Residential,508000
ROSEVILLE,z95747,4,3,2806,Residential,511000
FAIR_OAKS,z95628,3,2,3173,Residential,525000
EL_DORADO_HILLS,z95762,4,3,3380,Residential,533000
SACRAMENTO,z95864,3,1,1348,Residential,545000
AUBURN,z95603,4,3.5,4090,Residential,560000
SACRAMENTO,z95816,2,1,1252,Residential,575000
FOLSOM,z95630,4,3,3229,Residential,575000
SACRAMENTO,z95829,5,4,3863,Residential,598695
ROSEVILLE,z95747,5,5,3901,Residential,600000
ROCKLIN,z95677,4,3,2346,Residential,600000
GRANITE_BAY,z95746,4,3,2356,Residential,600000
ROCKLIN,z95677,4,2.5,3220,Residential,600000
ROSEVILLE,z95747,5,3,3579,Residential,610000
EL_DORADO_HILLS,z95762,5,3,3464,Residential,622500
EL_DORADO_HILLS,z95762,3,3.5,3885,Residential,680000
EL_DORADO_HILLS,z95762,4,3.5,3782,Residential,879000
WILTON,z95693,4,3,4400,Residential,884790
SACRAMENTO,z95828,4,2,1512,Residential,56950
SACRAMENTO,z95826,1,1,611,Condo,60000
SACRAMENTO,z95823,2,1,876,Residential,61000
SACRAMENTO,z95842,2,1,933,Condo,62000
SACRAMENTO,z95820,2,1,864,Residential,68566
SACRAMENTO,z95838,2,1,1011,Residential,70000
SACRAMENTO,z95815,4,2,1158,Residential,80000
SACRAMENTO,z95838,3,2,1092,Residential,85500
SACRAMENTO,z95833,2,1,956,Condo,92000
SACRAMENTO,z95824,2,2,1139,Residential,93600
SACRAMENTO,z95822,3,1,1058,Residential,95000
SACRAMENTO,z95838,3,2,1040,Residential,97750
SACRAMENTO,z95823,3,2,1354,Residential,104000
NORTH_HIGHLANDS,z95660,3,1,1051,Residential,105000
SACRAMENTO,z95825,1,1,682,Condo,107666
SACRAMENTO,z95824,3,1,1161,Residential,109000
SACRAMENTO,z95838,3,1,1004,Residential,110000
NORTH_HIGHLANDS,z95660,3,1,1229,Residential,110000
SACRAMENTO,z95832,3,2,1249,Residential,112500
SACRAMENTO,z95832,3,2,1161,Residential,114800
SACRAMENTO,z95823,3,1,1010,Residential,116000
CAMERON_PARK,z95682,2,2,1005,Condo,119000
SACRAMENTO,z95820,4,2,1462,Residential,121500
SACRAMENTO,z95828,3,2,1269,Residential,122000
SACRAMENTO,z95820,2,2,1188,Residential,123675
SACRAMENTO,z95838,4,2,1570,Residential,126854
SACRAMENTO,z95817,3,2,1093,Residential,127059
SACRAMENTO,z95828,3,1,962,Residential,128687
SACRAMENTO,z95823,3,2,1089,Residential,129500
SACRAMENTO,z95824,3,2,1127,Residential,130000
SACRAMENTO,z95822,4,2,1309,Residential,131750
RIO_LINDA,z95673,2,1,970,Residential,132000
SACRAMENTO,z95823,3,2,1144,Residential,134000
RANCHO_CORDOVA,z95670,3,1,1000,Residential,134000
LINCOLN,z95648,1,1.5,1065,Condo,138000
ANTELOPE,z95843,3,2,1206,Residential,142000
SACRAMENTO,z95825,3,1,1285,Residential,143012
SACRAMENTO,z95828,3,2,1543,Residential,145846
WEST_SACRAMENTO,z95691,2,1,884,Residential,147000
SACRAMENTO,z95817,3,1,1019,Residential,148750
SACRAMENTO,z95823,4,2,1392,Residential,150000
SACRAMENTO,z95842,2,1,924,Condo,150454
SACRAMENTO,z95823,3,2,1217,Residential,151087
ANTELOPE,z95843,3,2,1670,Residential,157296
SACRAMENTO,z95832,3,2,1302,Residential,157500
SACRAMENTO,z95823,3,2,1488,Residential,160000
NORTH_HIGHLANDS,z95660,3,2,1373,Residential,160000
CITRUS_HEIGHTS,z95621,4,2,1381,Residential,161250
SACRAMENTO,z95823,3,2,1265,Residential,164000
SACRAMENTO,z95818,2,1,881,Residential,165000
WEST_SACRAMENTO,z95691,4,2,1917,Residential,165000
SACRAMENTO,z95829,4,2,1608,Residential,165750
CITRUS_HEIGHTS,z95621,3,1,1344,Residential,166000
SACRAMENTO,z95834,3,2,1202,Residential,169000
LINCOLN,z95648,3,2,1104,Residential,170000
ROSEVILLE,z95747,2,2,1057,Condo,170000
SACRAMENTO,z95828,4,2,1859,Multi_Family,170000
SACRAMENTO,z95832,3,2,1232,Residential,170000
SACRAMENTO,z95828,3,1,1638,Residential,170725
SACRAMENTO,z95831,2,2,1177,Residential,171750
SACRAMENTO,z95833,3,2,1582,Residential,172000
SACRAMENTO,z95823,2,2,904,Residential,173056
ELK_GROVE,z95758,3,2,1340,Residential,174000
SACRAMENTO,z95833,3,2,1204,Residential,174250
ELK_GROVE,z95624,4,2,1477,Residential,176850
SACRAMENTO,z95823,4,2,1497,Residential,179500
FAIR_OAKS,z95628,3,1,960,Residential,185000
LINCOLN,z95648,1,1.5,1194,Condo,188000
SACRAMENTO,z95834,3,2,1428,Residential,188700
SACRAMENTO,z95820,3,1,1039,Residential,189000
FAIR_OAKS,z95628,3,1,1529,Residential,189000
CITRUS_HEIGHTS,z95621,4,3,1892,Residential,189836
SACRAMENTO,z95838,4,2,1887,Residential,190000
ORANGEVALE,z95662,3,2,1294,Residential,191250
SACRAMENTO,z95832,3,2,1638,Residential,191675
SACRAMENTO,z95823,3,2,1677,Residential,195500
CITRUS_HEIGHTS,z95621,3,1,1073,Residential,198000
SACRAMENTO,z95838,3,2,1231,Residential,200000
ELK_GROVE,z95758,3,2,1175,Residential,200000
ELK_GROVE,z95624,3,2,1416,Residential,200000
WEST_SACRAMENTO,z95691,1,1,936,Residential,200100
SACRAMENTO,z95835,3,2,1358,Residential,201528
ELK_GROVE,z95624,4,2,1609,Residential,204750
SACRAMENTO,z95842,4,3,1968,Residential,205000
SACRAMENTO,z95818,2,2,1089,Residential,205000
CARMICHAEL,z95608,3,2,1296,Residential,205900
ELK_GROVE,z95758,2,2,1189,Residential,207000
SACRAMENTO,z95815,2,1,795,Residential,207973
ROSEVILLE,z95747,3,2,1371,Residential,208250
NORTH_HIGHLANDS,z95660,3,1,1310,Residential,208318
GALT,z95632,3,2,1262,Residential,209347
ELK_GROVE,z95624,4,2,1740,Residential,211500
ANTELOPE,z95843,3,2,1517,Residential,212000
SACRAMENTO,z95828,3,2,1450,Residential,213000
ELK_GROVE,z95624,3,2,1416,Residential,216000
SACRAMENTO,z95828,3,1,888,Residential,216021
CITRUS_HEIGHTS,z95610,3,2,1882,Residential,219000
ELK_GROVE,z95757,3,2,1302,Residential,219794
ELK_GROVE,z95758,3,2,1418,Residential,220000
ROSEVILLE,z95678,3,2.5,1462,Condo,220000
CARMICHAEL,z95608,4,2,1319,Residential,220000
GALT,z95632,4,2,1770,Residential,220000
SACRAMENTO,z95842,4,2,1627,Residential,223000
SACRAMENTO,z95834,3,2,1665,Residential,224000
SACRAMENTO,z95821,3,1,1040,Residential,224000
NORTH_HIGHLANDS,z95660,3,1,960,Residential,224252
CAMERON_PARK,z95682,3,4,1197,Residential,224500
ORANGEVALE,z95662,3,1,1456,Residential,225000
ELK_GROVE,z95757,3,2,1450,Residential,228000
LINCOLN,z95648,3,2,1358,Residential,229027
SACRAMENTO,z95823,4,2,1329,Residential,229500
SACRAMENTO,z95823,4,2,1715,Residential,230000
ELK_GROVE,z95758,3,2,1262,Residential,230000
SACRAMENTO,z95829,4,3,2280,Residential,232425
SACRAMENTO,z95823,3,2,1477,Residential,234000
CITRUS_HEIGHTS,z95610,3,2,1216,Residential,235000
ELK_GROVE,z95758,4,2,1685,Residential,235301
EL_DORADO_HILLS,z95762,3,2,1362,Residential,235738
